INSERT INTO
    roles (id, name, created_at)
VALUES
    ('3c98a8ba-983a-4db8-9584-02d9b7578150', 'Administrador', NOW()),
    ('f7a02a55-4f2c-4382-b1f3-0ed2624f6f66', 'Usuário', NOW());



INSERT INTO
    users (id, name, email, password, phone_number, date_birth, active, role_id, created_at)
VALUES
    ('2fd231fd-7497-4ef1-b539-93bab5e5344d', 'Admin', 'admin@email.com', '$2a$10$tGEdUgbMcseurTiy4/LkB.Z41u4Pgss9zgOMxZDN/LC0OAmLZ8nEW', '(11) 91234-5678', '2000-01-01', 1, '3c98a8ba-983a-4db8-9584-02d9b7578150', NOW()),
    ('718c5016-b159-410f-9e4b-babeaa10bf6a', 'Usuário 1', 'usuario-1@email.com', '$2a$12$AWzxonIbKvswncg1Dfk2R.xL6W7iebNHKuEBZp2TJfJW1chEzgrya', '(11) 99874-1234', '1995-12-12', 1, 'f7a02a55-4f2c-4382-b1f3-0ed2624f6f66', NOW()),
    ('02c72eea-daa5-4ddc-8929-90398761bc4a', 'Usuário 2', 'usuario-2@email.com', '$2a$12$hIlNuaBbDh/uCNkdSnTLxOIXY.PScKsbywk0lUjK7bY3C45kZg8lK', '(11) 96549-3211', '2002-07-01', 1, 'f7a02a55-4f2c-4382-b1f3-0ed2624f6f66', NOW()),
    ('2c259485-c6cb-4c8f-80ac-86c3e9490169', 'Usuário 3', 'usuario-3@email.com', '$2a$12$oJ6oT4sjp3wfuI4Y.DiRxeixiQIWLbSa2Cja7gffrrIqYnUV3Uexu', '(11) 93216-7845', '1998-04-01', 1, 'f7a02a55-4f2c-4382-b1f3-0ed2624f6f66', NOW()),
    ('87c44702-04a7-464e-8763-34d530800a75', 'Usuário 4', 'usuario-4@email.com', '$2a$12$auqrpa8DvBQusnu7ZnWzj.fK4eKqjOQ5ccR3KdVbBGS32sfNlzACm', '(11) 91674-6874', '2001-09-01', 1, 'f7a02a55-4f2c-4382-b1f3-0ed2624f6f66', NOW()),
    ('cf347437-1e74-4c14-8c8f-5ded6b63b10c', 'Usuário 5', 'usuario-5@email.com', '$2a$12$WFzg1k/NUEkpslUrLcrZa.UDHKofcpVSkgqDj8OnyjHch7ft9vpFq', '(11) 96549-1975', '1996-03-01', 1, 'f7a02a55-4f2c-4382-b1f3-0ed2624f6f66', NOW());


INSERT INTO
    categories (id, name, active, created_at)
VALUES
    ('e396a976-1a53-4a0a-871b-b1efde58c35a', 'Vestuário', 1, NOW()),
    ('e626f851-25d3-40be-bb69-018dcbced34a', 'Eletrônico', 1, NOW()),
    ('d4992823-5dde-402f-9104-bbd59e226b4e', 'Automotivo', 1, NOW());


INSERT INTO 
    products (id,active,brand,created_at,description,image,link,modified_at,name,price,quantity,sku,category_id,search_term) 
VALUES
	 ('45103b60-2385-42bf-9539-e7e5adf6c27f',1,'Calvin Klein Jeans','2024-05-19 21:57:24','Jaqueta jeans de lavagem escura, com gola de camisa e fechamento por botões metálicos. Detalhe de bolsos frontais com aba e botões.',NULL,'https://google.com',NULL,'Jaqueta Jeans Calvin Klein',499.90,3,'R8E4HER94','e396a976-1a53-4a0a-871b-b1efde58c35a','Jaqueta Jeans Calvin Klein Calvin Klein Jeans R8E4HER94 Jaqueta jeans de lavagem escura, com gola de camisa e fechamento por botões metálicos. Detalhe de bolsos frontais com aba e botões. 499.90 3'),
	 ('5d5f293b-f73d-4cd3-8a1a-58e07b640cfc',1,'Xiaomi','2024-05-19 21:57:24','Pulseira inteligente com tela AMOLED de 1,56 polegadas, resolução de 152 x 486 pixels. Sensor de frequência cardíaca, monitoramento de oxigênio no sangue (SpO2), resistência à água até 50 metros. Bateria com até 14 dias de duração. Conectividade Bluetooth 5.0. Dimensões: 47,4 x 18,6 x 12,7 mm. Peso: 12,8 g.',NULL,'https://google.com',NULL,'Xiaomi Mi Band 7',399.00,8,'TYJ46YTJ46','e626f851-25d3-40be-bb69-018dcbced34a','Xiaomi Mi Band 7 Xiaomi TYJ46YTJ46 Pulseira inteligente com tela AMOLED de 1,56 polegadas, resolução de 152 x 486 pixels. Sensor de frequência cardíaca, monitoramento de oxigênio no sangue (SpO2), resistência à água até 50 metros. Bateria com até 14 dias de duração. Conectividade Bluetooth 5.0. Dimensões: 47,4 x 18,6 x 12,7 mm. Peso: 12,8 g. 399.00 8'),
	 ('8621ca72-605d-49c3-8688-4e6d499adb6d',1,'Lacoste','2024-05-19 21:57:24','Polo de manga curta, com gola de duas pontas e fechamento por dois botões. Feita em petit piqué de algodão, com o logo do crocodilo bordado no peito.',NULL,'https://google.com',NULL,'Polo Clássica Lacoste',449.90,6,'BE65R1B6E','e396a976-1a53-4a0a-871b-b1efde58c35a','Polo Clássica Lacoste Lacoste BE65R1B6E Polo de manga curta, com gola de duas pontas e fechamento por dois botões. Feita em petit piqué de algodão, com o logo do crocodilo bordado no peito. 449.90 6'),
	 ('e110812a-0ff5-4bdb-a11f-3a3b127dc83f',0,'Tury','2024-05-19 21:57:24','Módulo que ajusta automaticamente o espelho retrovisor direito ao engatar a marcha ré, facilitando manobras de estacionamento. Compatível com veículos que possuem espelhos elétricos.',NULL,'https://google.com',NULL,'Módulo Tilt Down Tury MD-TL',199.90,6,'XF23B1X361','d4992823-5dde-402f-9104-bbd59e226b4e','Módulo Tilt Down Tury MD-TL Tury XF23B1X361 Módulo que ajusta automaticamente o espelho retrovisor direito ao engatar a marcha ré, facilitando manobras de estacionamento. Compatível com veículos que possuem espelhos elétricos. 199.90 6'),
	 ('fe255c60-b1a5-42ec-8476-faf69ba2270f',1,'Calvin Klein Jeans','2024-05-19 21:57:24','Camiseta de corte reto, com gola redonda e mangas curtas. Estampa do logo Calvin Klein em destaque no peito.',NULL,'https://google.com',NULL,'Camiseta Logo Calvin Klein',199.90,7,'TY4J5TY65','e396a976-1a53-4a0a-871b-b1efde58c35a','Camiseta Logo Calvin Klein Calvin Klein Jeans TY4J5TY65 Camiseta de corte reto, com gola redonda e mangas curtas. Estampa do logo Calvin Klein em destaque no peito. 199.90 7'),
	 ('00c25b4a-5475-4ae1-8b3d-691dfce6d98c',0,'Hering','2024-05-19 21:57:24','Calça jeans de lavagem azul média, com modelagem skinny ajustada. Possui bolsos frontais e traseiros, além de fechamento por zíper e botão.',NULL,'https://google.com',NULL,'Calça Jeans Skinny Hering',129.90,6,'4SD56B4S5','e396a976-1a53-4a0a-871b-b1efde58c35a','Calça Jeans Skinny Hering Hering 4SD56B4S5 Calça jeans de lavagem azul média, com modelagem skinny ajustada. Possui bolsos frontais e traseiros, além de fechamento por zíper e botão. 129.90 6'),
	 ('a4d61115-4bc2-4286-82b9-70d54774f5d4',0,'Calvin Klein Jeans','2024-05-19 21:57:24','Moletom com capuz e cordão ajustável, bolso canguru e mangas longas. Estampa discreta do logo da Calvin Klein na parte frontal.',NULL,'https://google.com',NULL,'Moletom Calvin Klein',399.90,4,'E6R51BE6R','e396a976-1a53-4a0a-871b-b1efde58c35a','Moletom Calvin Klein Calvin Klein Jeans E6R51BE6R Moletom com capuz e cordão ajustável, bolso canguru e mangas longas. Estampa discreta do logo da Calvin Klein na parte frontal. 399.90 4'),
	 ('207d52ba-c612-4f5d-bc99-01c5224d5904',1,'Pioneer','2024-05-19 21:57:24','Subwoofer de 12 polegadas, potência máxima de 1400W e RMS de 400W. Impedância de 4 ohms, resposta de frequência de 20 Hz a 125 Hz. Cone de IMPP (Polipropileno Moldado por Injeção) para maior durabilidade e som de alta qualidade.',NULL,'https://google.com',NULL,'Subwoofer Pioneer TS-W312S4',699.90,5,'N1XCV32BX','d4992823-5dde-402f-9104-bbd59e226b4e','Subwoofer Pioneer TS-W312S4 Pioneer N1XCV32BX Subwoofer de 12 polegadas, potência máxima de 1400W e RMS de 400W. Impedância de 4 ohms, resposta de frequência de 20 Hz a 125 Hz. Cone de IMPP (Polipropileno Moldado por Injeção) para maior durabilidade e som de alta qualidade. 699.90 5'),
	 ('cc61afc5-cd9a-4abc-b07c-718b9cf1f21e',1,'Calvin Klein Jeans','2024-05-19 21:57:24','Calça jeans skinny de lavagem azul escura, com cintura média e fechamento por zíper e botão. Detalhe de leves desfiados nas pernas.',NULL,'https://google.com',NULL,'Calça Skinny Calvin Klein',349.90,5,'R8T4H9R4A','e396a976-1a53-4a0a-871b-b1efde58c35a','Calça Skinny Calvin Klein Calvin Klein Jeans R8T4H9R4A Calça jeans skinny de lavagem azul escura, com cintura média e fechamento por zíper e botão. Detalhe de leves desfiados nas pernas. 349.90 5'),
	 ('8174c3f0-3732-4161-afe8-522d69ffc347',1,'Lacoste','2024-05-19 21:57:24','Jaqueta leve com capuz ajustável, zíper frontal e bolsos laterais. Logo do crocodilo bordado no peito, disponível em cores clássicas como preto e azul marinho.',NULL,'https://google.com',NULL,'Jaqueta Corta Vento Lacoste',699.90,2,'ER651B6W','e396a976-1a53-4a0a-871b-b1efde58c35a','Jaqueta Corta Vento Lacoste Lacoste ER651B6W Jaqueta leve com capuz ajustável, zíper frontal e bolsos laterais. Logo do crocodilo bordado no peito, disponível em cores clássicas como preto e azul marinho. 699.90 2'),
	 ('74c066df-79cc-42bf-a635-7196ae1cd4b3',1,'Hering','2024-05-19 21:57:24','Camiseta de corte reto, com gola careca e mangas curtas. Disponível em diversas cores sólidas, com um acabamento suave e toque de algodão macio.',NULL,'https://google.com',NULL,'Camiseta Básica Hering',49.90,8,'SV5DS156V','e396a976-1a53-4a0a-871b-b1efde58c35a','Camiseta Básica Hering Hering SV5DS156V Camiseta de corte reto, com gola careca e mangas curtas. Disponível em diversas cores sólidas, com um acabamento suave e toque de algodão macio. 49.90 8'),
	 ('d3040141-2503-4b99-940f-cbbef2a2cccb',1,'Samsung','2024-05-19 21:57:24','Smartphone com tela Dynamic AMOLED 2X de 6,8 polegadas, resolução de 3200 x 1440 pixels. Processador Exynos 2200, 12 GB de RAM, armazenamento de 256 GB. Sistema de câmera quádrupla de 108 MP (principal), 12 MP (ultra-angular), 10 MP (periscópio) e 10 MP (teleobjetiva). Bateria de 5000 mAh com carregamento rápido de 45W. Dimensões: 165,1 x 75,6 x 8,9 mm. Peso: 228 g.',NULL,'https://google.com',NULL,'Samsung Galaxy S23 Ultra',10999.00,4,'ER51H6ER1R','e626f851-25d3-40be-bb69-018dcbced34a','Samsung Galaxy S23 Ultra Samsung ER51H6ER1R Smartphone com tela Dynamic AMOLED 2X de 6,8 polegadas, resolução de 3200 x 1440 pixels. Processador Exynos 2200, 12 GB de RAM, armazenamento de 256 GB. Sistema de câmera quádrupla de 108 MP (principal), 12 MP (ultra-angular), 10 MP (periscópio) e 10 MP (teleobjetiva). Bateria de 5000 mAh com carregamento rápido de 45W. Dimensões: 165,1 x 75,6 x 8,9 mm. Peso: 228 g. 10999.00 4'),
	 ('75a5142a-6d82-4018-8406-d1ea1450fe45',0,'Samsung','2024-05-19 21:57:24','Smartwatch com caixa de titânio de 45 mm, tela Super AMOLED de 1,4 polegadas. Processador Exynos W920, 1,5 GB de RAM, 16 GB de armazenamento interno. Sensores de ECG, pressão arterial e oxigênio no sangue. GPS integrado, resistência à água até 50 metros. Bateria com até 80 horas de duração. Dimensões: 45,4 x 45,4 x 10,5 mm. Peso: 46,5 g.',NULL,'https://google.com',NULL,'Samsung Galaxy Watch 5 Pro',3499.00,5,'WER8H94W98H','e626f851-25d3-40be-bb69-018dcbced34a','Samsung Galaxy Watch 5 Pro Samsung WER8H94W98H Smartwatch com caixa de titânio de 45 mm, tela Super AMOLED de 1,4 polegadas. Processador Exynos W920, 1,5 GB de RAM, 16 GB de armazenamento interno. Sensores de ECG, pressão arterial e oxigênio no sangue. GPS integrado, resistência à água até 50 metros. Bateria com até 80 horas de duração. Dimensões: 45,4 x 45,4 x 10,5 mm. Peso: 46,5 g. 3499.00 5'),
	 ('84d68ef9-d52c-4587-a9e1-f1e7ce461711',0,'Samsung','2024-05-19 21:57:24','Notebook conversível com tela AMOLED de 13,3 polegadas, resolução de 1920 x 1080 pixels. Processador Intel Core i7 de 11ª geração, 16 GB de RAM, SSD de 512 GB. Bateria com até 20 horas de autonomia. Caneta S Pen inclusa, portas Thunderbolt 4 e USB-C. Dimensões: 302,5 x 202 x 11,5 mm. Peso: 1,04 kg.',NULL,'https://google.com',NULL,'Samsung Galaxy Book Pro 360',11999.00,3,'6ER1H5ER65','e626f851-25d3-40be-bb69-018dcbced34a','Samsung Galaxy Book Pro 360 Samsung 6ER1H5ER65 Notebook conversível com tela AMOLED de 13,3 polegadas, resolução de 1920 x 1080 pixels. Processador Intel Core i7 de 11ª geração, 16 GB de RAM, SSD de 512 GB. Bateria com até 20 horas de autonomia. Caneta S Pen inclusa, portas Thunderbolt 4 e USB-C. Dimensões: 302,5 x 202 x 11,5 mm. Peso: 1,04 kg. 11999.00 3'),
	 ('19d4647e-005a-4832-8927-c7dfaf315e6b',1,'Apple','2024-05-19 21:57:24','Smartphone com tela OLED de 6,1 polegadas, resolução de 2532 x 1170 pixels. Chip A16 Bionic, sistema de câmera tripla de 48 MP (principal), 12 MP (ultra-angular) e 12 MP (teleobjetiva). Armazenamento de 128 GB, Face ID, e resistência à água e poeira (IP68). Dimensões: 146,7 x 71,5 x 7,65 mm. Peso: 203 g.',NULL,'https://google.com',NULL,'iPhone 14 Pro',9499.00,5,'QW89G4Q9W','e626f851-25d3-40be-bb69-018dcbced34a','iPhone 14 Pro Apple QW89G4Q9W Smartphone com tela OLED de 6,1 polegadas, resolução de 2532 x 1170 pixels. Chip A16 Bionic, sistema de câmera tripla de 48 MP (principal), 12 MP (ultra-angular) e 12 MP (teleobjetiva). Armazenamento de 128 GB, Face ID, e resistência à água e poeira (IP68). Dimensões: 146,7 x 71,5 x 7,65 mm. Peso: 203 g. 9499.00 5'),
	 ('b5d5bc6f-93b1-48f8-a4f9-8418c0b20e9c',0,'Pioneer','2024-05-19 21:57:24','Central multimídia com tela touch de 6,8 polegadas, resolução WVGA (800 x 480). Compatível com Apple CarPlay e Android Auto, TV digital integrada, Bluetooth, entrada USB e AUX. Equalizador gráfico de 13 bandas.',NULL,'https://google.com',NULL,'Central Multimídia Pioneer DMH-Z5380TV',2399.90,3,'S65DB135Z','d4992823-5dde-402f-9104-bbd59e226b4e','Central Multimídia Pioneer DMH-Z5380TV Pioneer S65DB135Z Central multimídia com tela touch de 6,8 polegadas, resolução WVGA (800 x 480). Compatível com Apple CarPlay e Android Auto, TV digital integrada, Bluetooth, entrada USB e AUX. Equalizador gráfico de 13 bandas. 2399.90 3'),
	 ('27f94094-8529-4d23-a6bc-9c8ec9125fa6',0,'Xiaomi','2024-05-19 21:57:24','Notebook com tela IPS de 15,6 polegadas, resolução de 1920 x 1080 pixels. Processador Intel Core i7 de 11ª geração, 16 GB de RAM, SSD de 512 GB. Bateria de 60 Wh com até 11 horas de autonomia. Teclado retroiluminado, leitor de impressões digitais, portas USB-C e HDMI. Dimensões: 360,7 x 243,6 x 16,9 mm. Peso: 1,9 kg.',NULL,'https://google.com',NULL,'Xiaomi Mi Notebook Pro',7999.00,5,'5ER1JU6ER','e626f851-25d3-40be-bb69-018dcbced34a','Xiaomi Mi Notebook Pro Xiaomi 5ER1JU6ER Notebook com tela IPS de 15,6 polegadas, resolução de 1920 x 1080 pixels. Processador Intel Core i7 de 11ª geração, 16 GB de RAM, SSD de 512 GB. Bateria de 60 Wh com até 11 horas de autonomia. Teclado retroiluminado, leitor de impressões digitais, portas USB-C e HDMI. Dimensões: 360,7 x 243,6 x 16,9 mm. Peso: 1,9 kg. 7999.00 5'),
	 ('e6a79e66-d7da-4e86-8954-506b61167107',1,'Xiaomi','2024-05-19 21:57:24','Smartphone com tela AMOLED de 6,28 polegadas, resolução de 2400 x 1080 pixels. Processador Snapdragon 8 Gen 1, 8 GB de RAM, armazenamento de 128 GB. Sistema de câmera tripla de 50 MP (principal), 13 MP (ultra-angular) e 5 MP (telemacro). Bateria de 4500 mAh com carregamento rápido de 67W. Dimensões: 152,7 x 69,9 x 8,2 mm. Peso: 180 g.',NULL,'https://google.com',NULL,'Xiaomi 12',5299.00,7,'TR51U56TR','e626f851-25d3-40be-bb69-018dcbced34a','Xiaomi 12 Xiaomi TR51U56TR Smartphone com tela AMOLED de 6,28 polegadas, resolução de 2400 x 1080 pixels. Processador Snapdragon 8 Gen 1, 8 GB de RAM, armazenamento de 128 GB. Sistema de câmera tripla de 50 MP (principal), 13 MP (ultra-angular) e 5 MP (telemacro). Bateria de 4500 mAh com carregamento rápido de 67W. Dimensões: 152,7 x 69,9 x 8,2 mm. Peso: 180 g. 5299.00 7'),
	 ('1270a636-b2ae-41a3-9595-98680265c1a2',0,'Hering','2024-05-19 21:57:24','Vestido midi de corte reto, com mangas curtas e gola redonda. Feito de algodão leve, disponível em cores básicas como preto e azul marinho.',NULL,'https://google.com',NULL,'Vestido Midi Hering',99.90,5,'8E94BE6YM','e396a976-1a53-4a0a-871b-b1efde58c35a','Vestido Midi Hering Hering 8E94BE6YM Vestido midi de corte reto, com mangas curtas e gola redonda. Feito de algodão leve, disponível em cores básicas como preto e azul marinho. 99.90 5'),
	 ('a0640af8-33af-47ae-89a9-d5e61d4e5cda',1,'Lacoste','2024-05-19 21:57:24','Tênis casual de couro branco, com solado de borracha e detalhe do logo da Lacoste na lateral. Interior acolchoado para maior conforto.',NULL,'https://google.com',NULL,'Tênis Carnaby Evo Lacoste',499.90,4,'W19RB9W1','e396a976-1a53-4a0a-871b-b1efde58c35a','Tênis Carnaby Evo Lacoste Lacoste W19RB9W1 Tênis casual de couro branco, com solado de borracha e detalhe do logo da Lacoste na lateral. Interior acolchoado para maior conforto. 499.90 4'),
	 ('8c77c55e-c6c6-4036-bab0-fe7ee9b7ff82',0,'Apple','2024-05-19 21:57:24','Notebook com tela Retina de 13,6 polegadas, resolução de 2560 x 1600 pixels. Processador Apple M2, 8 GB de RAM, SSD de 256 GB. Bateria com até 18 horas de autonomia. Teclado retroiluminado, Touch ID e duas portas Thunderbolt/USB 4. Dimensões: 304,1 x 212,4 x 11,3 mm. Peso: 1,29 kg.',NULL,'https://google.com',NULL,'MacBook Air M2',13999.00,4,'Q94VCEQ951','e626f851-25d3-40be-bb69-018dcbced34a','MacBook Air M2 Apple Q94VCEQ951 Notebook com tela Retina de 13,6 polegadas, resolução de 2560 x 1600 pixels. Processador Apple M2, 8 GB de RAM, SSD de 256 GB. Bateria com até 18 horas de autonomia. Teclado retroiluminado, Touch ID e duas portas Thunderbolt/USB 4. Dimensões: 304,1 x 212,4 x 11,3 mm. Peso: 1,29 kg. 13999.00 4'),
	 ('5712c139-ffc2-4a1c-a3df-f6db480c4c9a',1,'Apple','2024-05-19 21:57:24','Smartwatch com caixa de alumínio de 41 mm, tela Retina OLED sempre ativa. Chip S8 SiP com processador de dois núcleos, sensores de ECG e oxigênio no sangue. GPS integrado, resistência à água até 50 metros. Bateria com até 18 horas de duração. Dimensões: 41 x 35 x 10,7 mm. Peso: 32 g.',NULL,'https://google.com',NULL,'Apple Watch Series 8',4999.00,6,'98QW4C9Q1','e626f851-25d3-40be-bb69-018dcbced34a','Apple Watch Series 8 Apple 98QW4C9Q1 Smartwatch com caixa de alumínio de 41 mm, tela Retina OLED sempre ativa. Chip S8 SiP com processador de dois núcleos, sensores de ECG e oxigênio no sangue. GPS integrado, resistência à água até 50 metros. Bateria com até 18 horas de duração. Dimensões: 41 x 35 x 10,7 mm. Peso: 32 g. 4999.00 6'),
	 ('3bea2b3b-44d6-4a5e-b867-6512d4bffa16',1,'Tury','2024-05-19 21:57:24','Módulo de subida de vidros automático para veículos com sistema de conforto original. Compatível com até 4 vidros elétricos. Função anti-esmagamento e configuração de temporização.',NULL,'https://google.com',NULL,'Módulo de Subida de Vidros Tury PRO 4.9',299.90,7,'X5VC64M6X4','d4992823-5dde-402f-9104-bbd59e226b4e','Módulo de Subida de Vidros Tury PRO 4.9 Tury X5VC64M6X4 Módulo de subida de vidros automático para veículos com sistema de conforto original. Compatível com até 4 vidros elétricos. Função anti-esmagamento e configuração de temporização. 299.90 7'),
	 ('3b072eb9-36ee-479c-bfb3-2c96f61b96ab',1,'Lacoste','2024-05-19 21:57:24','Suéter de manga longa, com gola redonda e acabamento canelado nos punhos e barra. O clássico crocodilo está bordado no lado esquerdo do peito.',NULL,'https://google.com',NULL,'Suéter de Algodão Lacoste',599.90,3,'R6B56WE1','e396a976-1a53-4a0a-871b-b1efde58c35a','Suéter de Algodão Lacoste Lacoste R6B56WE1 Suéter de manga longa, com gola redonda e acabamento canelado nos punhos e barra. O clássico crocodilo está bordado no lado esquerdo do peito. 599.90 3'),
	 ('06accbf6-e165-47d1-b74b-edf4a90d9cdc',1,'Hering','2024-05-19 21:57:24','Moletom de capuz com cordão ajustável, bolso canguru frontal e mangas longas. Confeccionado em tecido de algodão, disponível em cores neutras.',NULL,'https://google.com',NULL,'Moletom Canguru Hering',89.90,10,'E8R4HE45E','e396a976-1a53-4a0a-871b-b1efde58c35a','Moletom Canguru Hering Hering E8R4HE45E Moletom de capuz com cordão ajustável, bolso canguru frontal e mangas longas. Confeccionado em tecido de algodão, disponível em cores neutras. 89.90 10');
